image,PSNR_dB,SSIM,LPIPS
000000,31.5448180816532,0.8960018931348548,0.13580745458602905
000001,32.01341643072862,0.8692173266609907,0.21068879961967468
000002,32.42976838357658,0.8761607823276519,0.23433110117912292
000003,33.1382365039987,0.8877122085011006,0.27637457847595215
000004,21.097506814310908,0.5988657616229606,0.30599600076675415
000005,28.249793776614975,0.6737178123922571,0.2636999487876892
000006,28.359123644816524,0.6723498921316862,0.2691398561000824
000007,28.193517075261177,0.6757380094145388,0.282257080078125
000008,21.73027774942917,0.693772540030241,0.25001290440559387
000009,23.6378232484571,0.7217291413658224,0.24062767624855042
000010,24.44576873319576,0.7264465935959076,0.2356446385383606
000011,23.77644233588311,0.737781092446208,0.23780325055122375
000012,30.490215544789212,0.739253596419692,0.3245825171470642
000013,24.572681422294103,0.900782935539931,0.14616809785366058
000014,25.735273212718276,0.9208820664585083,0.1038103699684143
000015,24.192257014138754,0.8943933369419277,0.1265500783920288
000016,27.97568482123376,0.7830265723483711,0.2514874041080475
000017,23.743489005342724,0.831737557998077,0.14624455571174622
000018,23.857587759594125,0.825847912071459,0.1580096334218979
000019,23.73258572561607,0.8315113860357366,0.15567678213119507
000020,31.982815750418233,0.8374964767319877,0.34700867533683777
000021,31.3956573421955,0.8770482573443903,0.27960044145584106
000022,31.410522892738154,0.8758760580463409,0.2807777523994446
000023,31.735266762806596,0.879609394797191,0.2851599156856537
000024,19.460130270670852,0.5992677299119961,0.353142648935318
000025,22.602236926040757,0.7242010728261471,0.2377324104309082
000026,22.750725308930548,0.7256008059700727,0.23576071858406067
000027,22.52170686078209,0.7151356379543096,0.2472321093082428
000028,28.643862177332437,0.7065591244830247,0.32621634006500244
000029,24.952909545757027,0.751371696541728,0.2193862944841385
000030,25.84843880066026,0.7708494513797499,0.23984552919864655
000031,25.213090240019017,0.7614863001786766,0.22954626381397247
000032,30.805666891726883,0.8736041454340462,0.21375834941864014
000033,24.39185129740462,0.6507208937801421,0.26273179054260254
000034,24.76600683242705,0.6069602651439374,0.32965177297592163
000035,24.228159766499132,0.650939995058674,0.26271340250968933
000036,29.454541149047643,0.7742352423576065,0.4698498845100403
000037,26.78741564930462,0.6649889204536518,0.23429174721240997
000038,26.237573746607247,0.6361812127761394,0.20318558812141418
000039,26.868244864453633,0.6759599796211919,0.23801684379577637
000040,24.828241532160508,0.7553229068489317,0.2642223834991455
000041,25.729235335456316,0.8551751096595666,0.12158621102571487
000042,24.7611656647484,0.8342448187083882,0.11741039901971817
000043,25.785728767258156,0.8562029002144337,0.12889862060546875
000044,19.511518239770183,0.7518135540044261,0.19172123074531555
000045,24.010108074388405,0.7207910192971342,0.2809608578681946
000046,23.830334083295817,0.7287324618758643,0.2608855664730072
000047,23.67748174951123,0.7178877538140854,0.2915637493133545
000048,30.27540634942175,0.8958161367648355,0.1326509565114975
000049,17.073137915691223,0.3187492676569001,0.3016064763069153
000050,16.962410912326593,0.3174882883375885,0.29883673787117004
000051,16.758778060502497,0.31015096649922724,0.3287260830402374
000052,26.29550216697655,0.3751597535242736,0.693401038646698
000053,25.436210734293105,0.6852182411392629,0.37413448095321655
000054,25.73541640159697,0.6870787604452372,0.3615650534629822
000055,26.82359432787946,0.7636769340849147,0.2741163372993469
000056,26.729574042841463,0.8822683726783991,0.11767484247684479
000057,31.038965620643598,0.6947762912304402,0.29004374146461487
000058,31.59172329092509,0.7147961641221047,0.372117280960083
000059,31.08349384505135,0.6920166523663998,0.3171607553958893
000060,26.60903205679712,0.6833210130159916,0.2922390401363373
000061,31.368509579857275,0.8010156489146352,0.35950803756713867
000062,31.0467188273573,0.7895379845473767,0.36223387718200684
000063,30.887813279238962,0.7951512392634154,0.3279094696044922
000064,28.724352666797884,0.9009771396148503,0.16844148933887482
000065,27.265152600303697,0.7270109035293162,0.23699671030044556
000066,27.422487671457706,0.7442097290394166,0.22885316610336304
000067,26.347759277518804,0.7255270465703011,0.3081042766571045
000068,28.160391264295157,0.7476580424161589,0.39941856265068054
000069,32.50403301743289,0.9219792377724052,0.09374213218688965
000070,32.39121891713496,0.9226625404598117,0.0920816957950592
000071,32.68219874975525,0.9256274198805093,0.09630588442087173
000072,25.336919566770895,0.7394397159131766,0.24784991145133972
000073,24.851159332223048,0.6352240651893932,0.3733018636703491
000074,24.58010178725064,0.6467583304323371,0.33298468589782715
000075,24.18955995797131,0.6457786459359591,0.27649369835853577
000076,32.774134263589815,0.8932086986827541,0.19210226833820343
000077,33.299220155721265,0.8275445000200271,0.390901654958725
000078,30.175063674017522,0.7201078891075552,0.4460555911064148
000079,33.03799973041639,0.8158352999727726,0.3020271062850952
000080,25.265391867251935,0.8225757099588112,0.17907603085041046
000081,25.986128411805602,0.7777357955453359,0.21841326355934143
000082,26.119578204220012,0.7761086875252733,0.17136859893798828
000083,26.181858484286145,0.7719093819196853,0.19613580405712128
000084,22.653339447670504,0.6351907766895695,0.2801186442375183
000085,20.099070354868637,0.7328027304791063,0.20720478892326355
000086,19.027431499614952,0.7209893101312499,0.20413914322853088
000087,19.60566979762872,0.7345475210796036,0.204197496175766
000088,35.85683250749962,0.9466492286369801,0.12381145358085632
000089,30.007658587610948,0.8602761600749423,0.15307021141052246
000090,30.896981493767278,0.880815581047073,0.18322429060935974
000091,30.77281613201523,0.8750337097154259,0.18224646151065826
000092,25.91716359247336,0.6865553067846774,0.26993340253829956
000093,34.86758006049888,0.857394207218647,0.30951669812202454
000094,32.94580909059011,0.840910557941854,0.248118594288826
000095,35.02276777309303,0.8599917476539611,0.3075648844242096
000096,20.54949653359449,0.6965706774020269,0.2483302652835846
000097,28.90872172514956,0.7824969285562039,0.5474757552146912
000098,29.123844475097517,0.7787577871090025,0.5378169417381287
000099,28.781460831453153,0.7781834347651452,0.5387716293334961
000100,31.78984343281681,0.8729558264121413,0.1624811291694641
000101,33.593606982027204,0.8332962313690185,0.429953932762146
000102,33.03492622214704,0.821639515175581,0.3946993350982666
000103,32.9919374005729,0.8170833484082222,0.43698519468307495
000104,27.057268474203763,0.7751859184929318,0.25981268286705017
000105,33.384952633631,0.9521931555008888,0.059560418128967285
000106,34.5343089242433,0.9609382435965538,0.046770401298999786
000107,33.15590583865913,0.9548968510988056,0.05519827455282211
000108,18.643761473917685,0.6544229700894998,0.2538256049156189
000109,22.32409528560573,0.8042310833444968,0.1357247531414032
000110,23.581999006407717,0.8086485752839744,0.15220876038074493
000111,23.71395827710876,0.8036297048833966,0.1438104808330536
000112,25.82443022222644,0.7361524894459993,0.2637062668800354
000113,31.641093083111592,0.767878658782959,0.4851710796356201
000114,30.893103975344637,0.7514675251106023,0.37350136041641235
000115,29.42821408273859,0.8821115313711385,0.24764442443847656
000116,25.456943518044678,0.6667930250253263,0.31345751881599426
000117,26.207155636262485,0.7181831762009822,0.22364351153373718
000118,26.489009411598833,0.724990427848163,0.23345538973808289
000119,25.932363190920206,0.6974359108212814,0.21244964003562927
000120,27.940211905707756,0.840930926903715,0.2340037077665329
000121,32.78486863106921,0.9339921862902641,0.08681312948465347
000122,30.777124923311845,0.8965625689411759,0.09952263534069061
000123,30.94134787706347,0.9110640915939612,0.08822941780090332
000124,22.960597144893725,0.8095949370045848,0.18809646368026733
000125,26.51367079691445,0.8145929560898766,0.16412699222564697
000126,26.76156487600057,0.8215120590499788,0.16196414828300476
000127,26.576824746491084,0.8216414952354133,0.15891854465007782
000128,32.98053231508124,0.7864346079297065,0.3172025978565216
000129,23.25991753765198,0.7870801345113994,0.24025261402130127
000130,23.763188689229075,0.8100996356302276,0.22813895344734192
000131,23.873860568177754,0.8127762204912771,0.22898593544960022
000132,30.586149285899076,0.8678245990253985,0.31083589792251587
000133,21.999333844022622,0.4682570358529579,0.49273577332496643
000134,25.989400560827146,0.576365556882985,0.3873355984687805
000135,21.563201035858203,0.46933175580564657,0.4931715428829193
000136,28.157100365490386,0.863761847094819,0.2055550515651703
000137,28.806361766612845,0.738877742819786,0.2681911289691925
000138,28.448606116841376,0.7289964174290001,0.2763737738132477
000139,28.77147637174314,0.7309530136300325,0.24765846133232117
000140,23.515417438785178,0.7757186881645052,0.1387568563222885
000141,24.30508355570259,0.8478098210687344,0.09159256517887115
000142,24.273734339614307,0.8477959154935312,0.0866708755493164
000143,23.967965634129076,0.825317724769718,0.10352864116430283
000144,27.12529744849446,0.6535588200293183,0.3150172829627991
000145,30.91001125855946,0.5849500436475277,0.3570781350135803
000146,30.468780619188067,0.5752661370120049,0.3139094114303589
000147,30.922848458465076,0.5864440271065235,0.3532504439353943
000148,25.062469150520165,0.7130509702005465,0.299561470746994
000149,28.47453415163946,0.5115708174070492,0.6212688684463501
000150,28.33605479671717,0.518506130122453,0.5978441834449768
000151,28.35478222406309,0.5107594025191982,0.6174948811531067
000152,22.866421179280522,0.6027095273910829,0.3792889416217804
000153,29.769361147919252,0.7041268135457038,0.708527684211731
000154,30.362914601299977,0.7402031586549283,0.6878951191902161
000155,30.034484701594092,0.7199458906043767,0.52241051197052
000156,26.011459955655116,0.880468200114131,0.07478571683168411
000157,31.251261272708312,0.9209283714216352,0.11706206202507019
000158,31.58102591549906,0.9294668316677809,0.11235645413398743
000159,31.88052883292987,0.9342862507346571,0.11801180243492126
000160,30.716159919278184,0.8944813567698002,0.13795942068099976
000161,30.653103487275462,0.9008230150797367,0.11635982990264893
000162,30.16568610790661,0.9019484883583337,0.12039963901042938
000163,30.9022991825615,0.9124050862674713,0.14152421057224274
000164,25.1846544950425,0.7295095747277923,0.25707367062568665
000165,30.100017118715947,0.846224979528361,0.15431058406829834
000166,30.158169451257155,0.8281390299183279,0.12953390181064606
000167,30.42721486459335,0.8296703406868353,0.1287081092596054
000168,24.00622038094671,0.7351719452037451,0.26614898443222046
000169,32.666414408199685,0.7908643266358375,0.4139541983604431
000170,33.30997163909879,0.8219061952393204,0.44050291180610657
000171,34.20390615304764,0.9249191899552345,0.24963462352752686
000172,27.9024691823776,0.5108109935493804,0.5690129399299622
000173,23.58385491982299,0.3122579089780706,0.29048311710357666
000174,24.142831170096677,0.34007591817653177,0.3042837381362915
000175,23.80654958174957,0.3230757949450682,0.304524689912796
000176,24.175149708758727,0.6946695012079305,0.2598835825920105
000177,26.103916593717468,0.3811289513282925,0.3381214737892151
000178,30.260695361046523,0.5435239966993332,0.6091188192367554
000179,26.201831965839524,0.3880521343310177,0.42956262826919556
000180,36.245573719988364,0.9332452706090212,0.2092842161655426
000181,28.600129588943553,0.750827152977705,0.2264356166124344
000182,27.690655166101724,0.7557143670984395,0.2286188304424286
000183,27.671495443488464,0.7464430568601871,0.20892411470413208
000184,23.668393294271148,0.6714606059456826,0.2524278461933136
000185,32.656016345427076,0.9109973090460152,0.21042057871818542
000186,31.44501526563548,0.8983828741057366,0.16775861382484436
000187,31.773069306087635,0.9005060079246908,0.1609719693660736
000188,24.66216398042189,0.741596244714478,0.2765258550643921
000189,24.617777449879515,0.7752533142470937,0.21545931696891785
000190,24.91524108531177,0.7782938618803734,0.20176604390144348
000191,25.144096199565315,0.7682781927286498,0.19039127230644226
000192,28.24329271790875,0.9127993430016376,0.1880715787410736
000193,27.413778597895533,0.8913416011479907,0.09029386937618256
000194,28.151980660835537,0.8982988958126831,0.1032116711139679
000195,28.63684559125275,0.9049853569364548,0.10392680019140244
000196,24.48639886732215,0.6969448723736406,0.2893486022949219
000197,28.409458258160896,0.8095133777032671,0.3297575116157532
000198,27.806008678722055,0.7865708952968028,0.3205035924911499
000199,27.393843351116264,0.7767077016149033,0.26339781284332275
000200,26.871990686615796,0.41919237352901695,0.4300213158130646
000201,32.57728893487693,0.7340940955765247,0.4959258735179901
000202,33.35909199368031,0.7682206351838112,0.44647884368896484
000203,33.46118851462444,0.7541846649360656,0.46147722005844116
000204,23.95278801337181,0.860972828922674,0.182479590177536
000205,22.352776480398738,0.745802943389124,0.2216799408197403
000206,21.083361143492063,0.7023067721443793,0.22446604073047638
000207,21.64508845531988,0.7318893417077186,0.23326346278190613
000208,31.845142413409008,0.7389471078094244,0.48684149980545044
000209,32.37183369478209,0.7716741250455379,0.2986775040626526
000210,32.23810866555964,0.7623787064824105,0.25735214352607727
000211,31.546125481834068,0.7426705356049538,0.3828012943267822
000212,29.801429467627585,0.8938441765706837,0.16182318329811096
000213,36.034683858602925,0.9406129263539315,0.1315092146396637
000214,36.462023020068656,0.9293118770182133,0.11033692210912704
000215,36.83723178373623,0.9534338679637909,0.12538710236549377
000216,29.804392867492563,0.8899574309134484,0.15910403430461884
000217,29.66901735198663,0.810613162918806,0.2234249711036682
000218,30.595663696194286,0.838739877366662,0.22371627390384674
000219,31.166862384688656,0.8562127051889896,0.2158845067024231
000220,33.65992811723933,0.7973980123238563,0.3301035463809967
000221,23.168505549870943,0.6824623832026965,0.30448514223098755
000222,24.495051727894257,0.7070324912189432,0.2917623519897461
000223,21.836283852777456,0.7582958139256823,0.22680382430553436
000224,24.50247851613412,0.42402891241437196,0.5883495211601257
000225,26.457862614597598,0.5172083016102901,0.43325796723365784
000226,25.074958161704153,0.4806035352765347,0.43158450722694397
000227,25.370090994471497,0.48132090115200915,0.40307512879371643
000228,18.47453970078955,0.7760017492244606,0.13445979356765747
000229,20.60969633597839,0.7493543990324947,0.2242097407579422
000230,20.40265148023738,0.7247119919815446,0.26670509576797485
000231,21.137798715117647,0.7275176896997271,0.25244611501693726
000232,21.608127543396215,0.7178697866383046,0.29223868250846863
000233,23.01844277765546,0.6897528388194535,0.29417166113853455
000234,23.23754021149263,0.6961041525053066,0.3051944077014923
000235,23.147943137421972,0.695426495698724,0.2985478639602661
000236,28.33137149370712,0.7969833803125471,0.2384624481201172
000237,26.158655651085013,0.7907097982841619,0.20504289865493774
000238,26.499670153999404,0.7740700855660829,0.19124317169189453
000239,27.440497120900773,0.7935387852410414,0.21301531791687012
000240,23.218424578947776,0.8429764788805395,0.23661944270133972
000241,34.6575723139699,0.9577804209463447,0.06008831411600113
000242,35.07303245582929,0.9556968670358658,0.058310724794864655
000243,35.553384233558845,0.9657841812144518,0.039792634546756744
000244,19.635095709175875,0.6993582481516628,0.18807856738567352
000245,27.59919054640552,0.9176760528942197,0.2337157279253006
000246,26.11257249240612,0.912953495934695,0.18602779507637024
000247,26.725406858645343,0.9164569297557845,0.20730255544185638
000248,28.196350802225414,0.8298284125826806,0.1658550202846527
000249,22.518764680387847,0.776908312187165,0.18247491121292114
000250,21.532804775884316,0.7480945010335446,0.20364603400230408
000251,22.68205628717622,0.7772511844007969,0.17920000851154327
000252,28.04240193686313,0.7566414501151638,0.3221309185028076
000253,29.641583699889797,0.8490071874625282,0.25934353470802307
000254,28.932320868305613,0.8130416901149005,0.2945682108402252
000255,29.960646957616774,0.8506204517161352,0.26040974259376526
000256,23.94021698274858,0.7926168249387445,0.20246371626853943
000257,20.407058699525138,0.723803468786797,0.17415501177310944
000258,21.046652837310816,0.7532139615250484,0.18060964345932007
000259,21.27984040922201,0.7696602147120685,0.18542815744876862
000260,25.06971645389408,0.7375895146984197,0.20001447200775146
000261,28.663711374272836,0.8316736475702178,0.194954514503479
000262,27.611922991271932,0.8338130972363271,0.17295962572097778
000263,27.82440920259312,0.8124046136120171,0.16916945576667786
000264,23.867381225494984,0.7659330464495941,0.277704119682312
000265,32.22313388218092,0.8614555977963507,0.19819024205207825
000266,32.12025946373001,0.8580569127624631,0.1919306367635727
000267,31.214852198111004,0.8478028796818666,0.1793186068534851
000268,33.22611481140673,0.8691692261084225,0.18160392343997955
000269,26.380930706972503,0.8069552608032227,0.23167391121387482
000270,26.882056193780123,0.8280712735086679,0.20875704288482666
000271,26.75620163445016,0.8224715633723587,0.20434463024139404
000272,20.166220448988298,0.7306305849846602,0.242250457406044
000273,24.60996889336212,0.34987340481753065,0.33559170365333557
000274,24.083357359260514,0.3322879941189968,0.3431827425956726
000275,24.928124911524193,0.369750088992802,0.3339732587337494
000276,36.93179526273916,0.9650191274191141,0.058625198900699615
000277,35.54634947766654,0.9500749523968697,0.05717794597148895
000278,33.516197421389855,0.9256475085172653,0.06204327940940857
000279,33.72255536294794,0.9231094890205414,0.09069979935884476
000280,21.515186960080488,0.7355298109617038,0.2841050326824188
000281,25.408279996119454,0.8336355945949229,0.21543051302433014
000282,26.071853126000075,0.8357483414320466,0.216805100440979
000283,25.43661927913434,0.8449208709561881,0.2327527403831482
000284,22.673506935098338,0.6862087620618288,0.29855525493621826
000285,30.248234398751343,0.7833105311004259,0.3426642417907715
000286,29.872613084805067,0.776916791866973,0.3321228623390198
000287,31.31739368608233,0.7578677436045707,0.26009130477905273
000288,27.359078089644306,0.8257618313175141,0.20129555463790894
000289,24.734862132448026,0.6749107473702505,0.2435864508152008
000290,22.685405678587593,0.6719006363929553,0.24466900527477264
000291,23.20841485562174,0.6842839907040642,0.22480598092079163
000292,31.90682602173062,0.9374786812320948,0.10531062632799149
000293,26.070816852172086,0.3818998168931603,0.4009358882904053
000294,25.782439800221276,0.3741869739025049,0.3383997976779938
000295,25.389063535170667,0.359409300425794,0.3751930892467499
000296,24.386728017568082,0.7218470195741616,0.3260899484157562
000297,24.734103288398252,0.721309637150703,0.17233684659004211
000298,24.96052431260381,0.7231672848638399,0.17753204703330994
000299,25.56431286007655,0.7523826927448809,0.21186774969100952
000300,26.30491393057116,0.45415471636384724,0.30562925338745117
000301,29.23992140096749,0.886918658739388,0.14299649000167847
000302,30.5933750757599,0.905216420638904,0.10611966252326965
000303,30.084468732057708,0.8936797609541715,0.09676086902618408
000304,28.396170695217208,0.8083469120453,0.25139015913009644
000305,28.698652743310586,0.7254552982346341,0.3484281301498413
000306,28.37465346325971,0.7151418166804332,0.3468765616416931
000307,28.86980917243804,0.736810794340033,0.3505212366580963
000308,33.5311225330765,0.9343115458774567,0.19184571504592896
000309,26.344177391451417,0.6953010590947829,0.2229175567626953
000310,27.156361999172226,0.7238359899616241,0.27805840969085693
000311,26.716529172737683,0.7037413463525493,0.2399279624223709
000312,22.58369815364118,0.8024401412069984,0.24390637874603271
000313,36.00369113894772,0.8732823357386589,0.3002491295337677
000314,35.98499744785122,0.8525147260746956,0.3183525800704956
000315,35.80676529347946,0.879082246934414,0.3492128849029541
000316,33.46979650366115,0.9357495152794569,0.23625126481056213
000317,23.878074220496885,0.6104522698175698,0.48277217149734497
000318,23.900872742720644,0.6451250696359361,0.41804713010787964
000319,23.85965392553111,0.6544622197791548,0.3840014934539795
000320,21.868620951585065,0.6360039891697536,0.29645487666130066
000321,29.146036030781048,0.848158593744196,0.20593397319316864
000322,27.936916764255916,0.8276432034838125,0.19921284914016724
000323,28.460380988163617,0.8339128485616669,0.19781380891799927
000324,25.012471796073825,0.8161910988599598,0.1751660853624344
000325,31.249581095515847,0.9147727080170549,0.1100185364484787
000326,31.37886666863759,0.9078506784617566,0.10927820205688477
000327,31.200964004936278,0.9067390223610625,0.1046895980834961
000328,31.716061387069928,0.7306345560195446,0.3673061430454254
000329,28.130677388297315,0.8286331419830322,0.1993633210659027
000330,28.469348294008622,0.8324919588031768,0.2088569700717926
000331,28.39916966138147,0.8283274868609906,0.20738555490970612
000332,33.34174858180664,0.9389356514602304,0.08185990154743195
000333,26.096658106347043,0.7645622238761103,0.1549447476863861
000334,26.494057787764312,0.7731922761389614,0.18454933166503906
000335,26.15600340617169,0.7618806460732855,0.17746682465076447
000336,29.979641912175822,0.8933618467634041,0.161566823720932
000337,36.37780500074212,0.9347641497262716,0.12221039086580276
000338,33.89159124917355,0.9098633213672638,0.21631859242916107
000339,34.39172488055022,0.9130609896394014,0.18900178372859955
000340,29.055333321264193,0.7377421079328126,0.3559195101261139
000341,30.757904850865945,0.8532849583173543,0.38648736476898193
000342,30.274469477947356,0.8367289652795941,0.35096433758735657
000343,29.822326922200318,0.8288835136477053,0.31270670890808105
000344,27.45484508765085,0.7587096784381261,0.2799426317214966
000345,27.388679216141405,0.778074130494008,0.27380385994911194
000346,28.0134683359599,0.8152458507588664,0.2340618073940277
000347,27.830414089262298,0.8089419282669716,0.2453325092792511
000348,29.00747208491063,0.869123623413261,0.14210455119609833
000349,26.501833013574327,0.7185793588672122,0.1585416942834854
000350,27.11329511231339,0.7434607716325522,0.1703883409500122
000351,26.22697703372593,0.7171913420767486,0.1799890547990799
000352,10.964398125875096,0.3191430095503365,0.2789516746997833
000353,16.26452750509226,0.3288769372047507,0.30947360396385193
000354,15.12502041697234,0.32200763282304584,0.30645447969436646
000355,14.99940435634958,0.324623217338038,0.2940617799758911
000356,24.547260631010133,0.709331071243504,0.25041869282722473
000357,29.22458202483505,0.801202696671471,0.2562853991985321
000358,26.931388920931457,0.7801884134893418,0.20847617089748383
000359,28.322318297011634,0.7990345944046453,0.23745989799499512
000360,23.270603322204003,0.6826177577558048,0.29801321029663086
000361,34.376918693130236,0.8517243190462999,0.2806072235107422
000362,30.206744329114585,0.7436708516389131,0.35227853059768677
000363,29.865154490538387,0.7347924362982213,0.2856515944004059
000364,24.803310239691886,0.7450102865525102,0.4112996757030487
000365,29.290671683560422,0.8558336326298863,0.14316532015800476
000366,29.044881977574445,0.8511834392451048,0.153140589594841
000367,29.19447858828185,0.8547451651524305,0.14798863232135773
000368,28.626873135461413,0.7777749732703599,0.20557288825511932
000369,25.111888438918264,0.7031981648087092,0.2840383052825928
000370,23.31818955052819,0.6966961734187042,0.278501957654953
000371,24.175632594018314,0.6895559788165688,0.24185509979724884
000372,30.60455580301865,0.6550489553730487,0.49489033222198486
000373,20.883339624124165,0.6278535459318407,0.21349802613258362
000374,20.591215758367962,0.6046173686438394,0.21014168858528137
000375,20.402867905945868,0.6025914476104269,0.21256299316883087
000376,21.459674716320215,0.5083278222853109,0.3350343704223633
000377,21.054728611362926,0.7409792380030398,0.26638123393058777
000378,21.252928596698215,0.7326121352816513,0.27149438858032227
000379,21.11134645774033,0.7475344218212441,0.2381078004837036
000380,28.099177997713113,0.8711336469181776,0.2071598470211029
000381,26.14749872158164,0.4858541473018527,0.4902868866920471
000382,25.95106878166392,0.48873191612618416,0.4357519745826721
000383,25.781064101271085,0.4645115940610692,0.37733450531959534
000384,31.832055762454893,0.9470928610207923,0.11684849858283997
000385,21.96327006214554,0.4412783708157809,0.5004574060440063
000386,21.94613758118335,0.4398308625739899,0.44110143184661865
000387,21.669092336789433,0.4400888552172566,0.4444234371185303
000388,26.514448998576285,0.7668915023556985,0.27150213718414307
000389,30.91600553708635,0.805154184264943,0.2773209512233734
000390,32.49752005022102,0.9262850842681527,0.12226321548223495
000391,34.24030765181021,0.890465430495739,0.22625167667865753
000392,30.364710285422483,0.8611016516017318,0.25485286116600037
000393,32.19703668804256,0.7681401131997109,0.3793513774871826
000394,32.47246562618465,0.7758592101120949,0.41255903244018555
000395,34.319737200442376,0.8483556139163971,0.35387980937957764
000396,25.042265529586864,0.754294494857043,0.3039988875389099
000397,25.228165174639106,0.3224783362389542,0.796558678150177
000398,22.26711236780362,0.21904938249161815,0.8343425393104553
000399,21.253950897402582,0.19925389139034902,0.86171555519104
000400,32.91409338282308,0.940789607890606,0.06678382307291031
000401,30.906552277618925,0.7792537695052885,0.2591785192489624
000402,28.93227703445219,0.797833377556534,0.302182137966156
000403,29.210865499248055,0.7918019569412731,0.36539435386657715
000404,23.647413474352827,0.6343206947295433,0.2191489338874817
000405,16.170941043909735,0.325570054697536,0.31019988656044006
000406,16.532615052404523,0.32294740201441585,0.3049076199531555
000407,15.295082403470659,0.3251943266866915,0.30644500255584717
000408,28.722107365656164,0.8404993748650551,0.2532546818256378
000409,34.330594235905885,0.8691835366353988,0.29041388630867004
000410,34.80196650847914,0.8709811891965866,0.27943626046180725
000411,34.77054191159206,0.8737691412410736,0.293329119682312
000412,31.433469598396794,0.7559977049338892,0.5909889340400696
000413,21.00153153155466,0.5793994859809103,0.29783016443252563
000414,21.54078316160499,0.5928789341582048,0.35526907444000244
000415,21.757012945896165,0.5935396337625977,0.36481231451034546
000416,29.91563262406034,0.8705595878676176,0.22814062237739563
000417,28.574159443580427,0.5133125121181011,0.29267680644989014
000418,28.10419139472691,0.49507894961205123,0.23656444251537323
000419,28.20905549390513,0.49718946813696624,0.25250673294067383
000420,30.319124676292418,0.7954143382304981,0.326572448015213
000421,30.68489293276069,0.6904039261512757,0.595465362071991
000422,30.49817126564716,0.6865008659462929,0.5940405130386353
000423,30.392002025716156,0.681926129720509,0.6065974235534668
000424,29.42336063993232,0.8078721886983914,0.24194662272930145
000425,33.786959696644615,0.8917747932196259,0.10631828010082245
000426,30.919309749636792,0.8478229321240746,0.10394278168678284
000427,33.171953756416414,0.8753197096299529,0.1084960550069809
000428,27.959134334995433,0.8832716596984118,0.14667770266532898
000429,22.477430185764963,0.8491065851626024,0.13263900578022003
000430,21.50381310320618,0.8185095721627064,0.09807568788528442
000431,22.3043726128282,0.8357090606243014,0.12945224344730377
000432,30.038998085633715,0.8477233784078211,0.23686012625694275
000433,29.803519703688384,0.7248108769431324,0.31981828808784485
000434,30.78676512690202,0.7585204023523927,0.29068416357040405
000435,31.14917393204542,0.7790701621716023,0.2996779680252075
000436,33.68964560524208,0.9206414058408737,0.14599952101707458
000437,31.903258686308217,0.8912711633187755,0.23666313290596008
000438,31.997522637357775,0.8904062851798367,0.2885206341743469
000439,33.1255447335686,0.9034447416211366,0.25373372435569763
000440,28.29554122590271,0.8048156545579378,0.22826534509658813
000441,29.75312845345342,0.853660190149501,0.21455243229866028
000442,31.03570401465573,0.8507813421653881,0.24603056907653809
000443,30.253522999113937,0.8436463371090468,0.2256050407886505
000444,27.609768941317174,0.8144304619844109,0.18511494994163513
000445,29.165321616305732,0.8073431432875209,0.3718447685241699
000446,29.17747307319654,0.7923197901868447,0.34995901584625244
000447,30.000521535360573,0.8103942477675676,0.3989327549934387
000448,25.833396075136356,0.4200327918858528,0.3753209710121155
000449,32.190476399396594,0.8715605143767595,0.44926849007606506
000450,31.765942071088872,0.8537472085041999,0.34250080585479736
000451,31.74642736664941,0.8549765073994994,0.37149399518966675
000452,32.85988496903445,0.9322672546874284,0.13312017917633057
000453,24.332271509180647,0.46287170719657933,0.4279608428478241
000454,24.1745616172171,0.4614776929431492,0.43694964051246643
000455,24.341133424114638,0.46312580202914494,0.43815815448760986
000456,24.892223903332745,0.571213021133028,0.5169926285743713
000457,24.09468235670844,0.6551063491451656,0.3100053668022156
000458,24.302817801095195,0.6636153279310856,0.32712113857269287
000459,24.262338443628963,0.6628071872588694,0.3572332262992859
000460,26.837951757851464,0.7839906123559345,0.23327618837356567
000461,36.356590179572066,0.9556935208592415,0.08281117677688599
000462,35.53578828445927,0.9554121632463932,0.09210242331027985
000463,36.08955633640411,0.9581521183643341,0.08460169285535812
000464,25.739380369646693,0.7323309242134057,0.2422373741865158
000465,27.178481473615154,0.38079266658878325,0.3576590120792389
000466,26.952028021848008,0.36928801900434494,0.37599384784698486
000467,26.747896829620437,0.3604732253446579,0.4517161548137665
000468,20.792578158898113,0.56114413433977,0.40798982977867126
000469,23.1439016067051,0.6401002271059416,0.32122379541397095
000470,23.44851938567831,0.6520344506480694,0.30075937509536743
000471,23.45448375979638,0.6559016464025471,0.31157028675079346
000472,27.484305246555678,0.8817362206430193,0.10179004073143005
000473,31.525837239034743,0.8852295035222135,0.20479899644851685
000474,31.053248632467344,0.8998859300216648,0.17558670043945312
000475,32.16135097030486,0.9354011325358152,0.12029708176851273
000476,27.83544454060339,0.8766570267523192,0.14006540179252625
000477,24.88922696854962,0.37889707492183056,0.38530978560447693
000478,24.929382474584727,0.38529522952514605,0.33979520201683044
000479,24.55631716911018,0.37811897344118994,0.3502180278301239
000480,23.956282344274733,0.7794485563765764,0.2347618192434311
000481,30.757538604474238,0.7884132496405989,0.4504038691520691
000482,30.44314682887751,0.7889085103755332,0.42918699979782104
000483,30.45813581275644,0.7841658264446706,0.4172334372997284
000484,23.807830081981592,0.63955207159964,0.3641701638698578
000485,34.58894760913704,0.8636658169431687,0.38466888666152954
000486,36.5166004081371,0.8903933969097138,0.30610594153404236
000487,36.24328157779252,0.8871779298462867,0.3367988169193268
000488,27.379053585040477,0.8280314729431681,0.15344968438148499
000489,26.328123663360916,0.8220010298329293,0.17512007057666779
000490,25.190186909516655,0.7975259240466748,0.19454586505889893
000491,25.841433943309013,0.8122184282164285,0.20587491989135742
000492,24.448106218301536,0.8054703895298615,0.19446441531181335
000493,25.57581090811555,0.37817050760359316,0.3296350836753845
000494,24.038852880515677,0.32903942710435435,0.3933306634426117
000495,24.217918345426618,0.3331614116189033,0.34012025594711304
000496,18.30792644388747,0.7173043848031764,0.22975397109985352
000497,24.107253760418764,0.6830243265140802,0.2667168974876404
000498,23.637272444478178,0.6892604339859558,0.24349544942378998
000499,23.772609659514497,0.6552704937859308,0.27801454067230225
000500,25.750209462710785,0.6354368493861412,0.3377566933631897
000501,26.09997937071221,0.6557299247885542,0.3139877915382385
000502,26.290917530971072,0.6558113107122854,0.360538125038147
000503,26.424139789486215,0.6559361583962031,0.3317609429359436
000504,26.312581124181698,0.8445628792432942,0.14985334873199463
000505,23.258394192948366,0.8267515140941143,0.16626542806625366
000506,22.97553582669114,0.834739392102832,0.178007572889328
000507,22.956189257479394,0.8329266288589537,0.17351743578910828
000508,32.194327591306376,0.9551858603403568,0.10816729068756104
000509,22.52031126765462,0.6713332305019982,0.24591277539730072
000510,24.062263615608952,0.6759921778369657,0.21739473938941956
000511,24.303878590926683,0.6904060143289641,0.22214742004871368
000512,28.154283001859042,0.8394050969317518,0.17922979593276978
000513,17.27640763688031,0.6201985453640905,0.21198786795139313
000514,17.975652758728728,0.6282582297145931,0.217060387134552
000515,17.22852683946412,0.5897551008935161,0.2146301567554474
000516,25.7494630955253,0.583232179582465,0.4048006236553192
000517,25.053383737551723,0.5673163482099725,0.41131526231765747
000518,25.098072644581237,0.5472820854535997,0.4765743613243103
000519,25.138199862605035,0.552247685633324,0.4540500342845917
000520,23.35535001815884,0.6326036200898294,0.26013603806495667
000521,32.050049938533775,0.7457560236330032,0.42274194955825806
000522,32.20899992642704,0.7520958961594105,0.4431920051574707
000523,31.72196174296184,0.7470374998588561,0.4034082889556885
000524,20.56218582326077,0.7310271973708852,0.21845589578151703
000525,31.085636966840653,0.6622329856342077,0.38398557901382446
000526,30.692990610161274,0.6411966566647291,0.5549629330635071
000527,30.864431986119758,0.6475053615698815,0.56425940990448
000528,33.07922681006229,0.8768940768309,0.34797465801239014
000529,23.531755494199963,0.8026376072342889,0.2357209324836731
000530,23.26112200543259,0.7553664041498527,0.30004408955574036
000531,22.117090393449853,0.7268921116899408,0.2970840334892273
000532,24.52667288341307,0.8226383617428243,0.24315625429153442
000533,23.430052369309465,0.6729619982132355,0.3334944546222687
000534,23.5867061525806,0.7223702999140573,0.2736479938030243
000535,23.91926878460323,0.7337273446629471,0.2836972177028656
000536,35.16834242307447,0.9299829941453934,0.14281770586967468
000537,33.801606566478554,0.914920328962326,0.22514525055885315
000538,34.1005850409018,0.9194174707899093,0.2287607192993164
000539,34.453865953832505,0.9248814877653122,0.23285900056362152
000540,27.176786587113742,0.6969372177848976,0.3282209634780884
000541,35.36372410370829,0.8436308462996482,0.39125606417655945
000542,34.67866539536271,0.8275159286785125,0.35238924622535706
000543,34.981580566916286,0.8402119059658051,0.37883299589157104
000544,31.09805569053233,0.9400279757935442,0.18861708045005798
000545,29.518177358344996,0.887868635653004,0.08649754524230957
000546,29.367839742879923,0.8869200476491899,0.08989162743091583
000547,28.3236893659087,0.8583950472441911,0.07484489679336548
000548,35.665635088424565,0.9286134550035484,0.15881726145744324
000549,32.200360938433654,0.9549880650467872,0.05225343629717827
000550,33.40990414755561,0.9546838576078415,0.05777629092335701
000551,31.389243464167144,0.9533241780891418,0.05618134140968323
000552,24.500175347590538,0.8354667979436251,0.19249290227890015
000553,32.5032576726381,0.8604177703592437,0.20248058438301086
000554,31.818850528868108,0.8596216479816735,0.23132646083831787
000555,31.72647388874999,0.8566462991023603,0.22963562607765198
000556,38.49674123937029,0.948307693572998,0.08153016865253448
000557,36.501607573946195,0.9491650438976288,0.10192345082759857
000558,32.81484971216957,0.9216870184227163,0.08994176983833313
000559,35.79569550301626,0.9503319157316684,0.09523968398571014
000560,25.15154996520461,0.7206221585965609,0.17308008670806885
000561,22.491703606868324,0.5480348249262781,0.3979477882385254
000562,22.535556019164407,0.551350703140805,0.40158334374427795
000563,22.78975257205549,0.5584524976934893,0.42795008420944214
000564,31.467394184417742,0.8214176613212749,0.34334713220596313
000565,22.420708385513763,0.5453196284671858,0.28337955474853516
000566,22.43142448029237,0.5553979412151677,0.274779736995697
000567,23.112327186745443,0.5352190209009471,0.37884923815727234
000568,22.864854732149112,0.6986180063885375,0.2584083676338196
000569,25.14462829084293,0.7380995267676357,0.23853468894958496
000570,25.21971995007388,0.7355525670657154,0.23935526609420776
000571,25.213993113282534,0.7402573396600872,0.24204161763191223
000572,24.1871703874315,0.7013423898192327,0.2728065848350525
000573,31.302785339716756,0.9217856031284034,0.18346934020519257
000574,35.17269181620715,0.9547451527417898,0.1306639015674591
000575,35.24329559899323,0.9512683161219955,0.14485901594161987
000576,23.58960098119729,0.8301027596350908,0.15948091447353363
000577,25.627905595601767,0.8441915880794525,0.12285633385181427
000578,25.31263763462099,0.8134168958017901,0.20253051817417145
000579,25.889033958038674,0.8242312262533251,0.18550525605678558
000580,31.902707788865463,0.7250421114606858,0.29652512073516846
000581,28.982679117767137,0.9058397795737981,0.09156790375709534
000582,28.913502546615515,0.8982623711081297,0.10103890299797058
000583,29.625945664384087,0.8976790905108452,0.10614970326423645
000584,28.751406014777075,0.5511108098761439,0.5117319226264954
000585,25.98614928604802,0.44318540382409005,0.4686565697193146
000586,26.43228360694507,0.45235653390662,0.40328991413116455
000587,26.697204636513575,0.45443575648097134,0.4662618339061737
000588,32.28370670075296,0.8974045409663762,0.19039322435855865
000589,30.24742882757532,0.6354826610387513,0.47416648268699646
000590,31.124143006513144,0.6430693858291506,0.3156455159187317
000591,31.3927512779129,0.6590169731898308,0.2511378228664398
000592,31.99494421585537,0.8947131561847255,0.12474466860294342
000593,23.115342270301955,0.7456111371344519,0.22736772894859314
000594,25.039260334365,0.796209188242156,0.20061349868774414
000595,23.430921071494577,0.7621425442183297,0.22611084580421448
000596,29.276342602243822,0.9242225138466358,0.17896783351898193
000597,33.019889496784856,0.7450725717124939,0.4842994809150696
000598,32.7192277586948,0.7171262439193725,0.38141486048698425
000599,32.2207517073628,0.7083514734978675,0.323397159576416
000600,30.479949861321913,0.8818962329837419,0.13039591908454895
000601,33.19958798813977,0.8913175428782553,0.12530209124088287
000602,32.9368599655906,0.8882901539771054,0.11623784899711609
000603,32.373083962457386,0.8645864077116149,0.1641020029783249
000604,22.765024121120078,0.866851081140101,0.16257336735725403
000605,23.578199738567026,0.8579087982998397,0.12803393602371216
000606,23.6590907484625,0.8495823126948061,0.13431602716445923
000607,24.3461093809379,0.8805076676938105,0.11700545251369476
000608,24.84200078929682,0.7992198568890654,0.2587490975856781
000609,29.980427844149794,0.636176718678847,0.31454235315322876
000610,29.6440315799628,0.6251644327742671,0.32428091764450073
000611,29.922074901608482,0.6163191966750026,0.29177579283714294
000612,31.646210782912306,0.8828609127910658,0.172305628657341
000613,24.587219257098983,0.8246307233467549,0.19887931644916534
000614,25.25934183273843,0.7991254220241234,0.22202302515506744
000615,25.34731517205632,0.7974533166755308,0.23836340010166168
000616,29.10420282054224,0.9196914889472387,0.10852997750043869
000617,26.413186250860285,0.6323967630836126,0.3253495395183563
000618,27.087280891694945,0.6476255140739493,0.3459022641181946
000619,26.875044602621095,0.6285492359251287,0.3402816355228424
000620,28.723437815484495,0.7977371452248143,0.17299216985702515
000621,22.349896515779193,0.6075031732166197,0.3367302417755127
000622,22.677809966761515,0.6294546414188726,0.35764968395233154
000623,22.64692946068981,0.6236480255542789,0.340040922164917
000624,23.363007513265007,0.8607906705333774,0.09925033152103424
000625,10.81823394672372,0.30324266016060325,0.33549433946609497
000626,10.91130202900612,0.3144417029611544,0.31226226687431335
000627,10.830928636642415,0.30902310542566525,0.3369111716747284
000628,28.63125201441305,0.8543378389118351,0.22763624787330627
000629,26.02843658014997,0.389615989459455,0.46505415439605713
000630,25.792120929586826,0.3861923923920533,0.3955639600753784
000631,25.88683569266957,0.38310788288864495,0.41375088691711426
000632,27.317926145213463,0.7789497436265983,0.329658567905426
000633,30.211500624501948,0.8458770429734868,0.2728983759880066
000634,30.61581223891696,0.8647762041504119,0.29878759384155273
000635,30.28943033969203,0.8574265580754187,0.2703304588794708
000636,27.597707857636372,0.806766149153471,0.1602054387331009
000637,27.469782460137523,0.8298150875328779,0.2570345401763916
000638,27.429466859899257,0.8177261809540763,0.2507867217063904
000639,26.833190331128165,0.8012537933307942,0.24507153034210205
000640,26.575881312676934,0.7078866121842283,0.3125203549861908
000641,20.489790256319687,0.39169953697005,0.34111762046813965
000642,20.270992830434928,0.4108944300404843,0.364616334438324
000643,36.09639050728956,0.9151895930042266,0.3039332926273346
000644,25.747261948033113,0.5872222534803678,0.3826524317264557
000645,24.751789807805164,0.6099855179143466,0.37209033966064453
000646,25.336201920549037,0.637850245134663,0.3850475549697876
000647,24.898004721748215,0.6001838977219937,0.40172863006591797
000648,24.22510051240202,0.7748066239413824,0.18788360059261322
000649,25.928028502130942,0.872857289480824,0.1169012039899826
000650,26.125385609339027,0.8788118854628653,0.11764315515756607
000651,26.1186933467923,0.8814320354087753,0.12253116071224213
000652,30.469985540220748,0.8603618895452022,0.16989730298519135
000653,27.119356874737363,0.7991247304666043,0.2094956338405609
000654,26.979322682678607,0.7923398784914911,0.2064243108034134
000655,26.927675004403326,0.7860571717110872,0.20112740993499756
000656,25.512602930230685,0.7289340168269337,0.26522016525268555
000657,24.171571447147247,0.8030985900161071,0.22811368107795715
000658,24.066120099701884,0.8027866893101251,0.22470326721668243
000659,22.77842720007486,0.7753085288716648,0.19953854382038116
000660,31.18489097616952,0.9113020498770327,0.11445290595293045
000661,32.62426742289124,0.7356483308849334,0.3717244863510132
000662,32.45928102493335,0.7350440309352875,0.3697223663330078
000663,31.746016881578555,0.7181773612620532,0.3367626368999481
000664,14.510982747518927,0.5744503096767652,0.3216257095336914
000665,29.016781517307283,0.5793425845335722,0.4528021812438965
000666,35.76713086217181,0.9846070476691723,0.051695965230464935
000667,35.30017731587206,0.9819332380703688,0.04062269628047943
000668,31.53731531146102,0.8899826211664676,0.11476670205593109
000669,27.513061789151088,0.6759464352796559,0.37274742126464844
000670,27.556877532412564,0.6967065963046327,0.37375015020370483
000671,27.506308191236087,0.6762756408861894,0.3578208386898041
000672,20.768224648503576,0.8906828647998124,0.04485397785902023
000673,26.268859042593103,0.8338375891783536,0.04937940463423729
000674,25.3420540812936,0.8068630807547122,0.04920549690723419
000675,26.259864927235434,0.8434622031004428,0.04450313001871109
000676,21.522948314116057,0.8391634824384134,0.11266215145587921
000677,19.08923861829901,0.7453071044581253,0.1604708731174469
000678,19.496350949391296,0.764669371161677,0.14228883385658264
000679,19.005395622528255,0.7494854196918634,0.1685422658920288
000680,28.528437965426107,0.8734880002485923,0.09484107792377472
000681,28.95208238107653,0.9041688006233572,0.09195113182067871
000682,28.379909456465754,0.8861818220616877,0.09182772040367126
000683,29.159688145709133,0.9004759960733653,0.08576668798923492
000684,26.492294980924353,0.8467993701925446,0.1596696376800537
000685,29.169594235288443,0.8391814880950349,0.25002580881118774
000686,28.831263692220528,0.8162236873619333,0.26519879698753357
000687,29.30680020384925,0.816573229514705,0.28910407423973083
000688,27.540816889540697,0.8305222902210839,0.16429966688156128
000689,26.198856642647623,0.8846011426640152,0.108613021671772
000690,25.62749646526259,0.859318513630107,0.10363084077835083
000691,26.045576338203222,0.8738049190014247,0.1034906655550003
000692,30.07143178090937,0.9257058760843873,0.1002718135714531
000693,33.55582506403716,0.915867662776947,0.15846502780914307
000694,28.510848685333336,0.8819778757703304,0.1477828323841095
000695,31.92398542032715,0.9068490965330601,0.12904974818229675
000696,28.56383340944128,0.49648082381141045,0.5068981647491455
000697,29.716724868502034,0.8126855439358354,0.32553720474243164
000698,30.48692569325704,0.8203778871796131,0.3123760521411896
000699,30.129331068362,0.822158380449295,0.2872924208641052
000700,32.34050946011676,0.8723062215573788,0.22389641404151917
000701,26.654912541266405,0.5228589906180352,0.3733024299144745
000702,27.02870603976356,0.5216650069293379,0.42361965775489807
000703,26.544345939742286,0.5195790170342773,0.4000522792339325
000704,30.95215194318776,0.7820433357491493,0.3535402715206146
000705,20.612971833854775,0.2946064149048804,0.317231148481369
000706,20.71632560856173,0.29104473252649443,0.35122859477996826
000707,21.313584524543828,0.30486777754216093,0.36646533012390137
000708,25.568943582768767,0.8760801822952926,0.09042646735906601
000709,37.0920928196559,0.9507948045282364,0.07465995848178864
000710,37.0404643663202,0.9520081388354301,0.060500308871269226
000711,36.68577525758598,0.9473781041073799,0.06669461727142334
000712,28.408813680381243,0.8276694993284307,0.22630390524864197
000713,32.89629368739649,0.8993325992789268,0.28076159954071045
000714,32.34591075295012,0.8969242122985125,0.26811614632606506
000715,32.65618834695652,0.8974037566268444,0.2688808739185333
000716,21.513551422276784,0.7120055019407756,0.22224079072475433
000717,20.678381269496477,0.7675058927680701,0.1844148337841034
000718,20.412001492664935,0.7611721950232535,0.1915464550256729
000719,20.453349281948295,0.7613347437900789,0.18744906783103943
000720,23.199473895026976,0.7770301680634618,0.24222123622894287
000721,28.070448301435896,0.9147346694383248,0.08343292027711868
000722,28.076731182924433,0.9224082537478581,0.0597301721572876
000723,27.18569910099768,0.9077184726950973,0.05497114360332489
000724,24.118277397499163,0.6799039006216526,0.2626186013221741
000725,22.937026636200816,0.7095214165187032,0.23309022188186646
000726,22.78833477867564,0.7080660156229437,0.26803120970726013
000727,22.991087967212668,0.6975784306404069,0.2502899765968323
000728,28.834684005007354,0.7972907765340544,0.17007862031459808
000729,28.44308730953739,0.7428058504580879,0.20751672983169556
000730,31.081535200652045,0.8188733538404703,0.18808868527412415
000731,29.059302901795135,0.7654692733902876,0.225402370095253
000732,21.93094335923833,0.6663559760397435,0.3268713355064392
000733,25.29948929139831,0.48775045185812377,0.47109007835388184
000734,25.023395074077865,0.4673887363479084,0.3979330062866211
000735,24.460006953944852,0.4476922811956455,0.4125613570213318
000736,27.859314901828704,0.8330405786629421,0.16615548729896545
000737,34.45706113001311,0.9354949691824913,0.19750067591667175
000738,33.6003266286588,0.8891157696986198,0.31574612855911255
000739,32.96888902657713,0.8811490449039936,0.2998301386833191
000740,31.13489224116819,0.8102975603598878,0.3951258659362793
000741,28.001332341576138,0.727514284250686,0.379886269569397
000742,27.316990220066867,0.6746546604065681,0.37319666147232056
000743,27.380055841940777,0.7087640535900742,0.35196614265441895
000744,24.597944988358577,0.7881365354450699,0.15633121132850647
000745,34.32198340039765,0.7620547933444977,0.40909168124198914
000746,33.31742438513101,0.7399137887349129,0.45041483640670776
000747,34.031802873402114,0.7475985275192261,0.3862626850605011
000748,24.576851010236457,0.5873291394022806,0.42987754940986633
000749,25.370071555089268,0.7410560602936447,0.28345513343811035
000750,25.13406341410473,0.7320299610012787,0.27409452199935913
000751,25.43031883046712,0.7424337945751995,0.29395344853401184
000752,29.962047386963473,0.6959299166130721,0.5497890710830688
000753,24.888267159206503,0.3093541394028794,0.39286819100379944
000754,24.202378720325648,0.30953009678335813,0.27837157249450684
000755,24.18550959713572,0.3088415155647378,0.34912604093551636
000756,31.387284324239996,0.8169698767952919,0.3273129165172577
000757,33.53993954758278,0.8607418999337703,0.16860266029834747
000758,34.02773790370415,0.8698548699516953,0.2129400670528412
000759,32.296372306688774,0.8617104062468819,0.20929810404777527
000760,24.22860600044735,0.3188595931552518,0.4801616668701172
000761,23.701633221307713,0.34036441415525975,0.45695003867149353
000762,23.386638692926134,0.3386011946770583,0.4141102731227875
000763,23.4477635955136,0.333860717276996,0.4950154721736908
000764,20.3702552504667,0.7673894205474705,0.23451457917690277
000765,28.85777912896913,0.8138870108426474,0.28132182359695435
000766,28.18371383202598,0.810277452762289,0.24493081867694855
000767,28.712270961552587,0.8123109891287075,0.24041755497455597
000768,22.59922369621593,0.7686486839902289,0.23862510919570923
000769,31.36241120375919,0.7843927749074362,0.36219996213912964
000770,31.883667440226855,0.7938064902141196,0.3623005449771881
000771,29.970145083469532,0.7750764331745151,0.3790892958641052
000772,28.597425832635068,0.7455386205611676,0.32067960500717163
000773,32.60049155995728,0.8571659966781735,0.24889478087425232
000774,32.187283670110595,0.8498298974446058,0.2058187872171402
000775,32.06408709834614,0.850812487063922,0.22191308438777924
000776,22.732482023397225,0.8144672450801704,0.24798661470413208
000777,23.297336786420708,0.529192232980947,0.25567418336868286
000778,22.891403157588755,0.5479788498278211,0.2457309067249298
000779,22.48863303629804,0.5588076022835544,0.2677781581878662
000780,20.989956317006776,0.7170147094132994,0.2628646194934845
000781,30.62632232577907,0.7676903880627155,0.5011695623397827
000782,30.746782261115392,0.7681159828109742,0.6007428169250488
000783,30.77708743596066,0.7690963416851759,0.5855755805969238
000784,27.411496039427835,0.8258781746749878,0.1743883639574051
000785,34.55639002959444,0.9153300564525128,0.15660259127616882
000786,34.494138828575466,0.9155774033454657,0.15393027663230896
000787,33.77524446078306,0.9046296807153225,0.11418253928422928
000788,32.42920175497679,0.8035157473087311,0.4028479754924774
000789,36.934517347229374,0.9437030786442757,0.18456915020942688
000790,37.14936267323089,0.9535820886554718,0.16731244325637817
000791,37.05069762664475,0.9413154183273316,0.2140967845916748
000792,31.048459997235337,0.8941882954398205,0.2264251410961151
000793,26.71432233742091,0.7193876585246501,0.28727078437805176
000794,26.644468802412877,0.7073134406159073,0.26753413677215576
000795,27.663267527077657,0.7331378385234997,0.2570648491382599
000796,33.090061152075464,0.9651184255149886,0.08288571238517761
000797,31.558272177812313,0.847941813010931,0.18038958311080933
000798,31.091780234793735,0.8419432212407589,0.1829025149345398
000799,29.518436859697154,0.8228058824127317,0.1818717122077942
000800,23.881684923135783,0.34956282772581937,0.3001437783241272
000801,31.616562072296063,0.6570919763879776,0.4835355877876282
000802,30.81265188720504,0.6235979983024598,0.3873995542526245
000803,31.572786115739568,0.6608204985265732,0.49264803528785706
000804,20.85852509787079,0.6454219900625078,0.3024557828903198
000805,38.21980274381636,0.9448365746974945,0.20776468515396118
000806,35.996659190028176,0.9287356452002525,0.2062624841928482
000807,35.35691111797387,0.9253224833316803,0.16902168095111847
000808,32.93811024150722,0.9012141683251857,0.1643306165933609
000809,32.02871668850965,0.9280773726143837,0.1711137294769287
000810,33.189144270784034,0.921842665483769,0.222647562623024
000811,29.017611986497926,0.9113418783413321,0.16125637292861938
000812,27.94200430131732,0.8575952606444247,0.15186768770217896
000813,23.655795229655737,0.7525303785513667,0.22736091911792755

MEAN,27.580641542175,0.7477380680489896,0.2631946225085408
